{"Amazonas Energia":{"B1":{"fioB":0.171841,"te":0.296093},"B2":{"fioB":0.171841,"te":0.296093},"B3":{"fioB":0.171841,"te":0.296093}},"Celesc-DIS":{"B1":{"fioB":0.132746,"te":0.27129},"B2":{"fioB":0.132746,"te":0.27129},"B3":{"fioB":0.132746,"te":0.27129}},"Cemig-D":{"B1":{"fioB":0.257207,"te":0.263745},"B2":{"fioB":0.257207,"te":0.263745},"B3":{"fioB":0.257207,"te":0.263745}},"Chesp":{"B1":{"te":0.233483,"fioB":0.288013},"B2":{"te":0.233483,"fioB":0.288013},"B3":{"te":0.233483,"fioB":0.288013}},"Cocel":{"B1":{"fioB":0.152787,"te":0.224593},"B2":{"fioB":0.152787,"te":0.224593},"B3":{"fioB":0.152787,"te":0.224593}},"Cooperaliança":{"B1":{"fioB":0.183916,"te":0.202375},"B2":{"fioB":0.183916,"te":0.202375},"B3":{"fioB":0.183916,"te":0.202375}},"Copel-DIS":{"B1":{"fioB":0.159136,"te":0.243266},"B2":{"fioB":0.159136,"te":0.243266},"B3":{"fioB":0.159136,"te":0.243266}},"CPFL Paulista":{"B1":{"fioB":0.206646,"te":0.275172},"B2":{"fioB":0.206646,"te":0.275172},"B3":{"fioB":0.206646,"te":0.275172}},"CPFL Piratininga":{"B1":{"fioB":0.189008,"te":0.301474},"B2":{"fioB":0.189008,"te":0.301474},"B3":{"fioB":0.189008,"te":0.301474}},"CPFL Santa Cruz (agrupada)":{"B1":{"fioB":0.199893,"te":0.218179},"B2":{"fioB":0.199893,"te":0.218179},"B3":{"fioB":0.199893,"te":0.218179}},"Dcelt":{"B1":{"fioB":0.137778,"te":0.272649},"B2":{"fioB":0.137778,"te":0.272649},"B3":{"fioB":0.137778,"te":0.272649}},"Demei":{"B1":{"fioB":0.144567,"te":0.234626},"B2":{"fioB":0.144567,"te":0.234626},"B3":{"fioB":0.144567,"te":0.234626}},"DMED":{"B1":{"fioB":0.213799,"te":0.221175},"B2":{"fioB":0.213799,"te":0.221175},"B3":{"fioB":0.213799,"te":0.221175}},"EDP ES":{"B1":{"fioB":0.203831,"te":0.262423},"B2":{"fioB":0.203831,"te":0.262423},"B3":{"fioB":0.203831,"te":0.262423}},"EDP SP":{"B1":{"fioB":0.198766,"te":0.264664},"B2":{"fioB":0.198766,"te":0.264664},"B3":{"fioB":0.198766,"te":0.264664}},"EFLJC":{"B1":{"te":0.284581,"fioB":0.29938},"B2":{"te":0.284581,"fioB":0.29938},"B3":{"te":0.284581,"fioB":0.29938}},"Eflul":{"B1":{"te":0.147428,"fioB":0.226811},"B2":{"te":0.147428,"fioB":0.226811},"B3":{"te":0.147428,"fioB":0.226811}},"Eletrocar":{"B1":{"fioB":0.209273,"te":0.225728},"B2":{"fioB":0.209273,"te":0.225728},"B3":{"fioB":0.209273,"te":0.225728}},"ELFSM":{"B1":{"fioB":0.19807,"te":0.256739},"B2":{"fioB":0.19807,"te":0.256739},"B3":{"fioB":0.19807,"te":0.256739}},"Enel CE":{"B1":{"te":0.206382,"fioB":0.291701},"B2":{"te":0.206382,"fioB":0.291701},"B3":{"te":0.206382,"fioB":0.291701}},"Enel RJ":{"B1":{"te":0.256614,"fioB":0.352358},"B2":{"te":0.256614,"fioB":0.352358},"B3":{"te":0.256614,"fioB":0.352358}},"Enel SP":{"B1":{"fioB":0.212465,"te":0.246128},"B2":{"fioB":0.212465,"te":0.246128},"B3":{"fioB":0.212465,"te":0.246128}},"Energisa AC":{"B1":{"te":0.216118,"fioB":0.36763},"B2":{"te":0.216118,"fioB":0.36763},"B3":{"te":0.216118,"fioB":0.36763}},"Energisa Minas Rio":{"B1":{"fioB":0.237231,"te":0.316296},"B2":{"fioB":0.237231,"te":0.316296},"B3":{"fioB":0.237231,"te":0.316296}},"Energisa MS":{"B1":{"te":0.264717,"fioB":0.348624},"B2":{"te":0.264717,"fioB":0.348624},"B3":{"te":0.264717,"fioB":0.348624}},"Energisa MT":{"B1":{"te":0.297141,"fioB":0.319939},"B2":{"te":0.297141,"fioB":0.319939},"B3":{"te":0.297141,"fioB":0.319939}},"Energisa PB":{"B1":{"te":0.22838,"fioB":0.236032},"B2":{"te":0.22838,"fioB":0.236032},"B3":{"te":0.22838,"fioB":0.236032}},"Energisa RO":{"B1":{"te":0.272968,"fioB":0.321813},"B2":{"te":0.272968,"fioB":0.321813},"B3":{"te":0.272968,"fioB":0.321813}},"Energisa SE":{"B1":{"te":0.249051,"fioB":0.266297},"B2":{"te":0.249051,"fioB":0.266297},"B3":{"te":0.249051,"fioB":0.266297}},"Energisa Sul Sudeste (agrupada)":{"B1":{"fioB":0.167844,"te":0.279809},"B2":{"fioB":0.167844,"te":0.279809},"B3":{"fioB":0.167844,"te":0.279809}},"Energisa TO":{"B1":{"te":0.251193,"fioB":0.427554},"B2":{"te":0.251193,"fioB":0.427554},"B3":{"te":0.251193,"fioB":0.427554}},"Equatorial AL":{"B1":{"te":0.240739,"fioB":0.300145},"B2":{"te":0.240739,"fioB":0.300145},"B3":{"te":0.240739,"fioB":0.300145}},"Equatorial CEA":{"B1":{"te":0.244457,"fioB":0.380021},"B2":{"te":0.244457,"fioB":0.380021},"B3":{"te":0.244457,"fioB":0.380021}},"Equatorial CEEE":{"B1":{"fioB":0.187301,"te":0.279714},"B2":{"fioB":0.187301,"te":0.279714},"B3":{"fioB":0.187301,"te":0.279714}},"Equatorial GO":{"B1":{"te":0.283312,"fioB":0.291858},"B2":{"te":0.283312,"fioB":0.291858},"B3":{"te":0.283312,"fioB":0.291858}},"Equatorial MA":{"B1":{"te":0.241632,"fioB":0.333246},"B2":{"te":0.241632,"fioB":0.333246},"B3":{"te":0.241632,"fioB":0.333246}},"Equatorial PA":{"B1":{"te":0.249727,"fioB":0.385824},"B2":{"te":0.249727,"fioB":0.385824},"B3":{"te":0.249727,"fioB":0.385824}},"Equatorial PI":{"B1":{"te":0.263169,"fioB":0.364877},"B2":{"te":0.263169,"fioB":0.364877},"B3":{"te":0.263169,"fioB":0.364877}},"Hidropan":{"B1":{"te":0.174227,"fioB":0.193498},"B2":{"te":0.174227,"fioB":0.193498},"B3":{"te":0.174227,"fioB":0.193498}},"Light":{"B1":{"fioB":0.210379,"te":0.2455},"B2":{"fioB":0.210379,"te":0.2455},"B3":{"fioB":0.210379,"te":0.2455}},"MuxEnergia":{"B1":{"fioB":0.150881,"te":0.224584},"B2":{"fioB":0.150881,"te":0.224584},"B3":{"fioB":0.150881,"te":0.224584}},"Neoenergia Brasília":{"B1":{"fioB":0.13327,"te":0.330211},"B2":{"fioB":0.13327,"te":0.330211},"B3":{"fioB":0.13327,"te":0.330211}},"Neoenergia Coelba":{"B1":{"te":0.248461,"fioB":0.350526},"B2":{"te":0.248461,"fioB":0.350526},"B3":{"te":0.248461,"fioB":0.350526}},"Neoenergia Cosern":{"B1":{"fioB":0.262265,"te":0.288888},"B2":{"fioB":0.262265,"te":0.288888},"B3":{"fioB":0.262265,"te":0.288888}},"Neoenergia Elektro":{"B1":{"fioB":0.204833,"te":0.269003},"B2":{"fioB":0.204833,"te":0.269003},"B3":{"fioB":0.204833,"te":0.269003}},"Neoenergia Pernambuco":{"B1":{"te":0.255779,"fioB":0.270839},"B2":{"te":0.255779,"fioB":0.270839},"B3":{"te":0.255779,"fioB":0.270839}},"Nova Palma":{"B1":{"te":0.227705,"fioB":0.235586},"B2":{"te":0.227705,"fioB":0.235586},"B3":{"te":0.227705,"fioB":0.235586}},"Pacto Energia":{"B1":{"fioB":0.214249,"te":0.227565},"B2":{"fioB":0.214249,"te":0.227565},"B3":{"fioB":0.214249,"te":0.227565}},"RGE (agrupada)":{"B1":{"te":0.270251,"fioB":0.303533},"B2":{"te":0.270251,"fioB":0.303533},"B3":{"te":0.270251,"fioB":0.303533}},"Roraima Energia":{"B1":{"fioB":0.20013,"te":0.313668},"B2":{"fioB":0.20013,"te":0.313668},"B3":{"fioB":0.20013,"te":0.313668}},"Sulgipe":{"B1":{"te":0.198509,"fioB":0.296782},"B2":{"te":0.198509,"fioB":0.296782},"B3":{"te":0.198509,"fioB":0.296782}}}